filename,title,date,section
BusinessLive_-_Tech_firm_Wise_secures_private_equity_deal_-_6_December_2021.pdf,BusinessLive - Tech firm Wise secures private equity deal - 6 December 2021,2021-12-06,0
Great_Place_To_Work_-_Wise_-_July_2024.pdf,Great Place To Work - Wise - July 2024,2024-07-01,0
Birmingham_Business_Post_-_Solihull_technology_firm_celebrates_outstanding_employer_award_win_-_22_September_2021.pdf,Birmingham Business Post - Solihull technology firm celebrates outstanding employer award win - 22 September 2021,2021-09-22,0
Business_Live_-_Wise_move_for_Solihull_technology_firm_-_24_September_2021.pdf,Business Live - Wise move for Solihull technology firm - 24 September 2021,2021-09-24,0
Business_Mondays_-_Solihull_tech_business_scoops_national_business_award_-_28_October_2022.pdf,Business Mondays - Solihull tech business scoops national business award - 28 October 2022,2022-10-28,0
Greater_Birmingham_Chambers_of_Commerce_-_Solihull_technology_firm_named_digital_startup_of_the_year_-_18_November_2021.pdf,Greater Birmingham Chambers of Commerce - Solihull technology firm named digital startup of the year - 18 November 2021,2021-11-18,0
GreenFleet_-_Shortlist_revealed_for_Logistics_Awards_2024_-_23_August_2024.pdf,GreenFleet - Shortlist revealed for Logistics Awards 2024 - 23 August 2024,2024-08-23,0
Inflexion_-_Inflexion_announces_investment_into_WithWise_-_December_2021.pdf,Inflexion - Inflexion announces investment into WithWise - December 2021,2021-12-01,0
LinkedIn_-_Andy_Streets_Post_A_real_hidden_gem_in_Solihull_-_16_May_2023.pdf,LinkedIn - Andy Street's Post (A real hidden gem in Solihull) - 16 May 2023,2023-05-16,0
Logistics_Business_-_Technology_specialist_scoops_award_-_25_October_2022.pdf,Logistics Business - Technology specialist scoops award - 25 October 2022,2022-10-25,0
Logistics_UK_-_Logistics_Awards_2023_Winners.pdf,Logistics UK - Logistics Awards 2023 Winners,2025-02-11,0
Logistics_UK_-_Shortlist_revealed_for_Logistics_UKs_Logistics_Awards_2024_-_22_August_2024.pdf,Logistics UK - Shortlist revealed for Logistics UK's Logistics Awards 2024 - 22 August 2024,2024-08-22,0
Logistics_Voices_-_Logistics_technology_specialist_recognised_as_outstanding_employer_-_24_September_2021.pdf,Logistics Voices - Logistics technology specialist recognised as outstanding employer - 24 September 2021,2021-09-24,0
MarTech_Awards___Innovation_in_Business_-_Best_Onboarding_Software_Solutions_Company_2024_UK_-_2024.pdf,MarTech Awards   Innovation in Business - Best Onboarding Software Solutions Company 2024 (UK) - 2024,2025-02-11,0
Solihull_Observer_-_Solihull_company_wins_West_Midlands_technology_award_-_29_November_2021.pdf,Solihull Observer - Solihull company wins West Midlands technology award - 29 November 2021,2021-11-29,0
Solihull_Observer_-_Solihull_tech_business_scoops_national_award_-_6_November_2022.pdf,Solihull Observer - Solihull tech business scoops national award - 6 November 2022,2022-11-06,0
Technology_Dispatch_-_Wise_Named_Among_UKs_Best_Tech_Employers_-_6_October_2022.pdf,Technology Dispatch - Wise Named Among UK's Best Tech Employers - 6 October 2022,2022-10-06,0
The_Business_Desk_-_Fast-growth_technology_business_Wise_secures_eight-figure_investment_from_Inflexion_-_6_December_2021.pdf,The Business Desk - Fast-growth technology business Wise secures 'eight-figure' investment from Inflexion - 6 December 2021,2021-12-06,0
The_Business_Magazine_-_Former_Tesco_Mobile_boss_Lance_Batchelor_appointed_tech_firm_chairman_-_20_January_2022.pdf,The Business Magazine - Former Tesco Mobile boss Lance Batchelor appointed tech firm chairman - 20 January 2022,2022-01-20,0
The_Business_Magazine_-_Its_great_working_at_Solihull_based_tech_recruitment_company_Wise_-_20_September_2021.pdf,The Business Magazine - It's great working at Solihull based tech recruitment company Wise - 20 September 2021,2021-09-20,0
The_Business_Magazine_-_Solihull_tech_firm_Wise_scoops_national_business_award_-_7_November_2022.pdf,The Business Magazine - Solihull tech firm Wise scoops national business award - 7 November 2022,2022-11-07,0
The_Daily_Express_-_Mesmerising_video_shows_Britains_most_scenic_delivery_route_through_leafy_mountains_-_10_August_2022.pdf,The Daily Express - Mesmerising video shows Britain's most scenic delivery route through leafy mountains - 10 August 2022,2022-08-10,0
The_Daily_Mirror_-_City_with_the_worst_bosses_-_24_January_2022.pdf,The Daily Mirror - City with the worst bosses - 24 January 2022,2022-01-24,0
The_Daily_Mirror_-_Mesmerising_video_shows_Britains_most_scenic_delivery_route_through_leafy_mountains_-_10_August_2022.pdf,The Daily Mirror - Mesmerising video shows Britain's most scenic delivery route through leafy mountains - 10 August 2022,2022-08-10,0
The_Daily_Star_-_Aha_Worst_bosses_are_in_Norwich_PARTRIDGE_CITY_TOPS_TABLE_-_24_January_2022.pdf,The Daily Star - Aha! Worst bosses are in Norwich; PARTRIDGE CITY TOPS TABLE - 24 January 2022,2022-01-24,0
The_Daily_Star_-_Mesmerising_video_shows_Britains_most_scenic_delivery_route_through_leafy_mountains_-_10_August_2022.pdf,The Daily Star - Mesmerising video shows Britain's most scenic delivery route through leafy mountains - 10 August 2022,2022-08-10,0
The_Independent_-_Is_this_Britains_most_picturesque_delivery_route_-_13_August_2022.pdf,The Independent - Is this Britains most picturesque delivery route - 13 August 2022,2022-08-13,0
The_Express_-_Aha_Alan_isnt_the_only_bad_boss_in_city_-_24_January_2022.pdf,The Express - Aha! Alan isn't the only bad boss in city - 24 January 2022,2022-01-24,0
The_Sun_-_Britains_best_delivery_route_shown_in_mesmerising_video_as_van_drives_over_Lake_Districts_highest_pass_-_10_August_2022.pdf,The Sun - 'Britain's best delivery route' shown in mesmerising video as van drives over Lake District's highest pass - 10 August 2022,2022-08-10,0
The_Sun_-_Norwich_bosses_worst_in_country_-_24_January_2022.pdf,The Sun - Norwich bosses worst in country - 24 January 2022,2022-01-24,0
UK_Transport_Awards_-_Most_Innovative_Driver_Recruitment_Management_System_2023_-_2023.pdf,UK Transport Awards - Most Innovative Driver Recruitment Management System 2023 - 2023,2025-02-11,0
vanfleetworld_-_Van_fleets_shortlisted_for_2024_Logistics_UK_awards_-_20_August_2024.pdf,vanfleetworld - Van fleets shortlisted for 2024 Logistics UK awards - 20 August 2024,2024-08-20,0
Warehouse_News_-_Logistics_technology_firm_ranked_as_one_of_UKs_Best_Tech_Employers_-_1_November_2022.pdf,Warehouse News - Logistics technology firm ranked as one of UKs Best Tech Employers - 1 November 2022,2022-11-01,0
